Workbook

Sheet Summary
A1: Appendix B - Assignment Evaluation
E2: Tunku Abdul Rahman University of Management and Technology
A3: BMIT2073 Mobile Application Development
A4: Academic Session 202605
A5: 1. Fill in the title of your mobile app.
A7: Title of Mobile Solution
A9: 2. Fill in name, ID, programme code and group ID.
D11: Member 1 | E11: Member 2 | F11: Member 3 | G11: Member 4
A12: Name
A13: ID
A14: Programme (E.g. REI)
A15: Group (E.g. G1)
A17: Score (leave it blank) | D17: ='Member (1)'!H23 -> 0 | E17: ='Member (2)'!H23 -> 0 | F17: ='Member (3)'!H23 -> 0 | G17: ='Member (4)'!H23 -> 0
A19: 3. Fill in name of tutor and data of submission
A20: Name of tutor
A21: Date

Sheet Member (1)
A1: Appendix B - Assignment Evaluation
A2: BMIT2073 Mobile Application Development
A4: Name | C4: =IF(ISBLANK(Summary!D12),"", Summary!D12)
A5: ID | C5: =IF(ISBLANK(Summary!D13),"", Summary!D13)
A6: Programme | C6: =IF(ISBLANK(Summary!D14),"", Summary!D14)
A7: Group | C7: =IF(ISBLANK(Summary!D15),"", Summary!D15)
A9: A. Development of a mobile solution (80%)
A10: No | B10: Criteria | D10: Developing 0 - 4 marks | E10: Approaching 5 - 8 marks | F10: Ideal 9 - 12 marks | G10: Excellent 13 - 15 marks | H10: Score (80%) | I10: Remark
A11: 1 | B11: Quantity of work | D11: About 20% or less of the proposed module has been completed. Completed modules lack substantial content or effort. Completed modules are none essential parts of the mobile app, i.e. About Us, Help File, Splash Screen, etc. | E11: At least 50% of the proposed module have been completed but content may be lacking or effort may appear minimal. The completed module is an essential part of the mobile app, i.e. Login, Registration, Home Page, etc. | F11: About 80% of the proposed module are completed with a good amount of content and effort. Modules are essential component of the mobile app, i.e. searching, transaction-related modules and etc. | G11: All proposed modules are completed with comprehensive content and thorough effort. Modules are essential component of the mobile app, i.e. searching, transaction-related modules and etc.
A12: 2 | B12: Quality of work | D12: About 20% or less of modules are working. Code is poorly structured, inefficient, and may not follow best practices. Applications have major bugs that hinder functionality or usability. No input validation. | E12: About 50% of the proposed modules are functional. Code may have some structural issues or inefficiencies. Applications may have bugs that impact functionality or usability. At least 50% of the input validation is implemented. | F12: About 80% of the proposed modules are functional. Code is mostly well-structured and functional, with occasional minor bugs. Applications are generally user-friendly, but may have minor usability issues. Input validation is well implemented. | G12: All completed modules are functional. Code is well-structured, efficient, and follows best practices. Application is user-friendly, and free of major bugs. Input validation is well implemented.
A13: 3 | B13: Data management | D13: Data is not stored insecurely or accessed incorrectly, potentially compromising application functionality or security. Application does not store or retrieve data. | E13: Data is stored or retrieved using appropriate data saving method, but may have some security vulnerabilities or inefficiencies. Applications demonstrate proper data handling practices. | F13: Data is mostly secure and accessed correctly, but there may be room for improvement in efficiency. Applications demonstrate proper data handling practices. Suitable local and remote data saving methods are implemented. | G13: Data is stored securely, efficiently, and accessed appropriately. Applications demonstrate proper data handling practices. Suitable local and remote data saving methods are implemented.
A14: No | B14: Criteria | D14: Developing 0 - 9 marks | E14: Approaching 10 - 18 marks | F14: Ideal 19 - 27 marks | G14: Excellent 28 - 35 marks
A15: 4 | B15: Originality and understanding | D15: Application lacks originality and demonstrates a weak understanding of concepts, data structures, algorithms, and architecture. Student may not understand key concepts or demonstrate a lack of effort in understanding them. Student does not apply any modern mobile application development methods/models. No evidence on utilisation of mobile unique features. | E15: Application shows limited originality and understanding of concepts, data structures, algorithms, and architecture. Student may show some understanding of key concepts, but understanding may be incomplete. Student may applies modern mobile application development methods/models, but may have some minor errors. Solution lacks utilisation of mobile unique features. | F15: Application shows some originality and understanding of concepts, data structures, algorithms, and architecture Student demonstrates a good understanding of most concepts. Student applies some modern mobile application development methods/models, utilising mobile unique features such as location detection, sensors, and etc. However, alternative options are available. | G15: Application demonstrates innovative and creative solutions to problems. Student demonstrates a deep understanding of the concepts, data structures, algorithms, and architecture involved in mobile application development. Student applies modern mobile application development methods/models, utilising mobile unique features such as location detection, sensors, and etc
A17: B. Quality of presentation and teamwork (20%)
A18: No | B18: Criteria | D18: Developing 0 - 1 marks | E18: Approaching 2 - 3 marks | F18: Ideal 3 - 4 marks | G18: Excellent 5 marks | H18: Score (20%) | I18: Remark
A19: 1 | B19: Quality of team solution | D19: The solution demonstrates a weak understanding of the problem and offers an ineffective or incomplete approach. | E19: The solution demonstrates a basic understanding of the problem but may lack effectiveness or have significant shortcomings. | F19: The solution demonstrates a good understanding of the problem and offers a mostly effective approach. It may have minor shortcomings or lack some details. | G19: The solution demonstrates a deep understanding of the problem and offers an innovative and effective approach. It is well-developed, comprehensive, and addresses all aspects of the assignment.
A20: 2 | B20: Quality of presentation | D20: The presentation is unclear, disorganized, and fails to effectively communicate the solution. Major components are not presented. It may lack visuals or storytelling techniques. | E20: The presentation may have some clarity or organization issues, and may not effectively engage the audience. Major components are presented, but missing a few parts. Visuals and storytelling may be lacking. | F20: The presentation is mostly clear and organized but may lack some elements of engagement or clarity. Most of the components are presented, with some minor errors. Visuals and storytelling may be adequate. | G20: The presentation is clear, concise, engaging, and well-organized. All components are presented. It effectively communicates the solution and highlights key points using visuals and storytelling techniques.
A21: 3 | B21: Completeness | D21: The project is significantly incomplete and may lack crucial components or fail to meet most criteria. Deliverables are submitted on time, but incomplete. OR No submission. The project description, methods used, personal contributions, and learning experiences gained are not documented. | E21: The project is partially complete and may be missing significant components or not meet several criteria. Some deliverables are submitted on time, with two or more missing items. The project description, methods used, personal contributions, and learning experiences gained are documented, but lacks of detail. | F21: The project is mostly complete, but may lack some minor components or not fully meet all criteria. All deliverables are submitted on time, with one or two missing items. The project description, methods used, personal contributions, and learning experiences gained are mostly documented. | G21: The project is complete, includes all required components, and meets all specified criteria. All deliverables are submitted on time. The project description, methods used, personal contributions, and learning experiences gained are clearly documented.
A22: 4 | B22: Teamwork | D22: The student experiences significant difficulties with collaboration or communication, hindering his/her ability to work together effectively. There may be evidence of conflict or lack of participation from the student. | E22: The student may have some issues with collaboration or communication, leading to challenges in managing conflict, delegating tasks, or achieving common goals. | F22: The student demonstrates good collaboration and communication skills. The student is able to manage conflict and delegate tasks, but there may be occasional issues with teamwork or communication. | G22: The student demonstrates excellent collaboration, communication, and problem-solving skills. The student effectively manage conflict, delegate tasks, and work together to achieve common goals.
F23: Total | H23: =SUM(H11:H22) -> 0
A25: Comment:

Sheet Member (2)
A1: Appendix B - Assignment Evaluation
A2: BMIT2073 Mobile Application Development
A4: Name | C4: =IF(ISBLANK(Summary!D12),"", Summary!D12)
A5: ID | C5: =IF(ISBLANK(Summary!D13),"", Summary!D13)
A6: Programme | C6: =IF(ISBLANK(Summary!D14),"", Summary!D14)
A7: Group | C7: =IF(ISBLANK(Summary!D15),"", Summary!D15)
A9: A. Development of a mobile solution (80%)
A10: No | B10: Criteria | D10: Developing 0 - 4 marks | E10: Approaching 5 - 8 marks | F10: Ideal 9 - 12 marks | G10: Excellent 13 - 15 marks | H10: Score (80%) | I10: Remark
A11: 1 | B11: Quantity of work | D11: About 20% or less of the proposed module has been completed. Completed modules lack substantial content or effort. Completed modules are none essential parts of the mobile app, i.e. About Us, Help File, Splash Screen, etc. | E11: At least 50% of the proposed module have been completed but content may be lacking or effort may appear minimal. The completed module is an essential part of the mobile app, i.e. Login, Registration, Home Page, etc. | F11: About 80% of the proposed module are completed with a good amount of content and effort. Modules are essential component of the mobile app, i.e. searching, transaction-related modules and etc. | G11: All proposed modules are completed with comprehensive content and thorough effort. Modules are essential component of the mobile app, i.e. searching, transaction-related modules and etc.
A12: 2 | B12: Quality of work | D12: About 20% or less of modules are working. Code is poorly structured, inefficient, and may not follow best practices. Applications have major bugs that hinder functionality or usability. No input validation. | E12: About 50% of the proposed modules are functional. Code may have some structural issues or inefficiencies. Applications may have bugs that impact functionality or usability. At least 50% of the input validation is implemented. | F12: About 80% of the proposed modules are functional. Code is mostly well-structured and functional, with occasional minor bugs. Applications are generally user-friendly, but may have minor usability issues. Input validation is well implemented. | G12: All completed modules are functional. Code is well-structured, efficient, and follows best practices. Application is user-friendly, and free of major bugs. Input validation is well implemented.
A13: 3 | B13: Data management | D13: Data is not stored insecurely or accessed incorrectly, potentially compromising application functionality or security. Application does not store or retrieve data. | E13: Data is stored or retrieved using appropriate data saving method, but may have some security vulnerabilities or inefficiencies. Applications demonstrate proper data handling practices. | F13: Data is mostly secure and accessed correctly, but there may be room for improvement in efficiency. Applications demonstrate proper data handling practices. Suitable local and remote data saving methods are implemented. | G13: Data is stored securely, efficiently, and accessed appropriately. Applications demonstrate proper data handling practices. Suitable local and remote data saving methods are implemented.
A14: No | B14: Criteria | D14: Developing 0 - 9 marks | E14: Approaching 10 - 18 marks | F14: Ideal 19 - 27 marks | G14: Excellent 28 - 35 marks
A15: 4 | B15: Originality and understanding | D15: Application lacks originality and demonstrates a weak understanding of concepts, data structures, algorithms, and architecture. Student may not understand key concepts or demonstrate a lack of effort in understanding them. Student does not apply any modern mobile application development methods/models. No evidence on utilisation of mobile unique features. | E15: Application shows limited originality and understanding of concepts, data structures, algorithms, and architecture. Student may show some understanding of key concepts, but understanding may be incomplete. Student may applies modern mobile application development methods/models, but may have some minor errors. Solution lacks utilisation of mobile unique features. | F15: Application shows some originality and understanding of concepts, data structures, algorithms, and architecture Student demonstrates a good understanding of most concepts. Student applies some modern mobile application development methods/models, utilising mobile unique features such as location detection, sensors, and etc. However, alternative options are available. | G15: Application demonstrates innovative and creative solutions to problems. Student demonstrates a deep understanding of the concepts, data structures, algorithms, and architecture involved in mobile application development. Student applies modern mobile application development methods/models, utilising mobile unique features such as location detection, sensors, and etc
A17: B. Quality of presentation and teamwork (20%)
A18: No | B18: Criteria | D18: Developing 0 - 1 marks | E18: Approaching 2 - 3 marks | F18: Ideal 3 - 4 marks | G18: Excellent 5 marks | H18: Score (20%) | I18: Remark
A19: 1 | B19: Quality of team solution | D19: The solution demonstrates a weak understanding of the problem and offers an ineffective or incomplete approach. | E19: The solution demonstrates a basic understanding of the problem but may lack effectiveness or have significant shortcomings. | F19: The solution demonstrates a good understanding of the problem and offers a mostly effective approach. It may have minor shortcomings or lack some details. | G19: The solution demonstrates a deep understanding of the problem and offers an innovative and effective approach. It is well-developed, comprehensive, and addresses all aspects of the assignment.
A20: 2 | B20: Quality of presentation | D20: The presentation is unclear, disorganized, and fails to effectively communicate the solution. Major components are not presented. It may lack visuals or storytelling techniques. | E20: The presentation may have some clarity or organization issues, and may not effectively engage the audience. Major components are presented, but missing a few parts. Visuals and storytelling may be lacking. | F20: The presentation is mostly clear and organized but may lack some elements of engagement or clarity. Most of the components are presented, with some minor errors. Visuals and storytelling may be adequate. | G20: The presentation is clear, concise, engaging, and well-organized. All components are presented. It effectively communicates the solution and highlights key points using visuals and storytelling techniques.
A21: 3 | B21: Completeness | D21: The project is significantly incomplete and may lack crucial components or fail to meet most criteria. Deliverables are submitted on time, but incomplete. OR No submission. The project description, methods used, personal contributions, and learning experiences gained are not documented. | E21: The project is partially complete and may be missing significant components or not meet several criteria. Some deliverables are submitted on time, with two or more missing items. The project description, methods used, personal contributions, and learning experiences gained are documented, but lacks of detail. | F21: The project is mostly complete, but may lack some minor components or not fully meet all criteria. All deliverables are submitted on time, with one or two missing items. The project description, methods used, personal contributions, and learning experiences gained are mostly documented. | G21: The project is complete, includes all required components, and meets all specified criteria. All deliverables are submitted on time. The project description, methods used, personal contributions, and learning experiences gained are clearly documented.
A22: 4 | B22: Teamwork | D22: The student experiences significant difficulties with collaboration or communication, hindering his/her ability to work together effectively. There may be evidence of conflict or lack of participation from the student. | E22: The student may have some issues with collaboration or communication, leading to challenges in managing conflict, delegating tasks, or achieving common goals. | F22: The student demonstrates good collaboration and communication skills. The student is able to manage conflict and delegate tasks, but there may be occasional issues with teamwork or communication. | G22: The student demonstrates excellent collaboration, communication, and problem-solving skills. The student effectively manage conflict, delegate tasks, and work together to achieve common goals.
F23: Total | H23: =SUM(H11:H22) -> 0
A25: Comment:

Sheet Member (3)
A1: Appendix B - Assignment Evaluation
A2: BMIT2073 Mobile Application Development
A4: Name | C4: =IF(ISBLANK(Summary!D12),"", Summary!D12)
A5: ID | C5: =IF(ISBLANK(Summary!D13),"", Summary!D13)
A6: Programme | C6: =IF(ISBLANK(Summary!D14),"", Summary!D14)
A7: Group | C7: =IF(ISBLANK(Summary!D15),"", Summary!D15)
A9: A. Development of a mobile solution (80%)
A10: No | B10: Criteria | D10: Developing 0 - 4 marks | E10: Approaching 5 - 8 marks | F10: Ideal 9 - 12 marks | G10: Excellent 13 - 15 marks | H10: Score (80%) | I10: Remark
A11: 1 | B11: Quantity of work | D11: About 20% or less of the proposed module has been completed. Completed modules lack substantial content or effort. Completed modules are none essential parts of the mobile app, i.e. About Us, Help File, Splash Screen, etc. | E11: At least 50% of the proposed module have been completed but content may be lacking or effort may appear minimal. The completed module is an essential part of the mobile app, i.e. Login, Registration, Home Page, etc. | F11: About 80% of the proposed module are completed with a good amount of content and effort. Modules are essential component of the mobile app, i.e. searching, transaction-related modules and etc. | G11: All proposed modules are completed with comprehensive content and thorough effort. Modules are essential component of the mobile app, i.e. searching, transaction-related modules and etc.
A12: 2 | B12: Quality of work | D12: About 20% or less of modules are working. Code is poorly structured, inefficient, and may not follow best practices. Applications have major bugs that hinder functionality or usability. No input validation. | E12: About 50% of the proposed modules are functional. Code may have some structural issues or inefficiencies. Applications may have bugs that impact functionality or usability. At least 50% of the input validation is implemented. | F12: About 80% of the proposed modules are functional. Code is mostly well-structured and functional, with occasional minor bugs. Applications are generally user-friendly, but may have minor usability issues. Input validation is well implemented. | G12: All completed modules are functional. Code is well-structured, efficient, and follows best practices. Application is user-friendly, and free of major bugs. Input validation is well implemented.
A13: 3 | B13: Data management | D13: Data is not stored insecurely or accessed incorrectly, potentially compromising application functionality or security. Application does not store or retrieve data. | E13: Data is stored or retrieved using appropriate data saving method, but may have some security vulnerabilities or inefficiencies. Applications demonstrate proper data handling practices. | F13: Data is mostly secure and accessed correctly, but there may be room for improvement in efficiency. Applications demonstrate proper data handling practices. Suitable local and remote data saving methods are implemented. | G13: Data is stored securely, efficiently, and accessed appropriately. Applications demonstrate proper data handling practices. Suitable local and remote data saving methods are implemented.
A14: No | B14: Criteria | D14: Developing 0 - 9 marks | E14: Approaching 10 - 18 marks | F14: Ideal 19 - 27 marks | G14: Excellent 28 - 35 marks
A15: 4 | B15: Originality and understanding | D15: Application lacks originality and demonstrates a weak understanding of concepts, data structures, algorithms, and architecture. Student may not understand key concepts or demonstrate a lack of effort in understanding them. Student does not apply any modern mobile application development methods/models. No evidence on utilisation of mobile unique features. | E15: Application shows limited originality and understanding of concepts, data structures, algorithms, and architecture. Student may show some understanding of key concepts, but understanding may be incomplete. Student may applies modern mobile application development methods/models, but may have some minor errors. Solution lacks utilisation of mobile unique features. | F15: Application shows some originality and understanding of concepts, data structures, algorithms, and architecture Student demonstrates a good understanding of most concepts. Student applies some modern mobile application development methods/models, utilising mobile unique features such as location detection, sensors, and etc. However, alternative options are available. | G15: Application demonstrates innovative and creative solutions to problems. Student demonstrates a deep understanding of the concepts, data structures, algorithms, and architecture involved in mobile application development. Student applies modern mobile application development methods/models, utilising mobile unique features such as location detection, sensors, and etc
A17: B. Quality of presentation and teamwork (20%)
A18: No | B18: Criteria | D18: Developing 0 - 1 marks | E18: Approaching 2 - 3 marks | F18: Ideal 3 - 4 marks | G18: Excellent 5 marks | H18: Score (20%) | I18: Remark
A19: 1 | B19: Quality of team solution | D19: The solution demonstrates a weak understanding of the problem and offers an ineffective or incomplete approach. | E19: The solution demonstrates a basic understanding of the problem but may lack effectiveness or have significant shortcomings. | F19: The solution demonstrates a good understanding of the problem and offers a mostly effective approach. It may have minor shortcomings or lack some details. | G19: The solution demonstrates a deep understanding of the problem and offers an innovative and effective approach. It is well-developed, comprehensive, and addresses all aspects of the assignment.
A20: 2 | B20: Quality of presentation | D20: The presentation is unclear, disorganized, and fails to effectively communicate the solution. Major components are not presented. It may lack visuals or storytelling techniques. | E20: The presentation may have some clarity or organization issues, and may not effectively engage the audience. Major components are presented, but missing a few parts. Visuals and storytelling may be lacking. | F20: The presentation is mostly clear and organized but may lack some elements of engagement or clarity. Most of the components are presented, with some minor errors. Visuals and storytelling may be adequate. | G20: The presentation is clear, concise, engaging, and well-organized. All components are presented. It effectively communicates the solution and highlights key points using visuals and storytelling techniques.
A21: 3 | B21: Completeness | D21: The project is significantly incomplete and may lack crucial components or fail to meet most criteria. Deliverables are submitted on time, but incomplete. OR No submission. The project description, methods used, personal contributions, and learning experiences gained are not documented. | E21: The project is partially complete and may be missing significant components or not meet several criteria. Some deliverables are submitted on time, with two or more missing items. The project description, methods used, personal contributions, and learning experiences gained are documented, but lacks of detail. | F21: The project is mostly complete, but may lack some minor components or not fully meet all criteria. All deliverables are submitted on time, with one or two missing items. The project description, methods used, personal contributions, and learning experiences gained are mostly documented. | G21: The project is complete, includes all required components, and meets all specified criteria. All deliverables are submitted on time. The project description, methods used, personal contributions, and learning experiences gained are clearly documented.
A22: 4 | B22: Teamwork | D22: The student experiences significant difficulties with collaboration or communication, hindering his/her ability to work together effectively. There may be evidence of conflict or lack of participation from the student. | E22: The student may have some issues with collaboration or communication, leading to challenges in managing conflict, delegating tasks, or achieving common goals. | F22: The student demonstrates good collaboration and communication skills. The student is able to manage conflict and delegate tasks, but there may be occasional issues with teamwork or communication. | G22: The student demonstrates excellent collaboration, communication, and problem-solving skills. The student effectively manage conflict, delegate tasks, and work together to achieve common goals.
F23: Total | H23: =SUM(H11:H22) -> 0
A25: Comment:

Sheet Member (4)
A1: Appendix B - Assignment Evaluation
A2: BMIT2073 Mobile Application Development
A4: Name | C4: =IF(ISBLANK(Summary!D12),"", Summary!D12)
A5: ID | C5: =IF(ISBLANK(Summary!D13),"", Summary!D13)
A6: Programme | C6: =IF(ISBLANK(Summary!D14),"", Summary!D14)
A7: Group | C7: =IF(ISBLANK(Summary!D15),"", Summary!D15)
A9: A. Development of a mobile solution (80%)
A10: No | B10: Criteria | D10: Developing 0 - 4 marks | E10: Approaching 5 - 8 marks | F10: Ideal 9 - 12 marks | G10: Excellent 13 - 15 marks | H10: Score (80%) | I10: Remark
A11: 1 | B11: Quantity of work | D11: About 20% or less of the proposed module has been completed. Completed modules lack substantial content or effort. Completed modules are none essential parts of the mobile app, i.e. About Us, Help File, Splash Screen, etc. | E11: At least 50% of the proposed module have been completed but content may be lacking or effort may appear minimal. The completed module is an essential part of the mobile app, i.e. Login, Registration, Home Page, etc. | F11: About 80% of the proposed module are completed with a good amount of content and effort. Modules are essential component of the mobile app, i.e. searching, transaction-related modules and etc. | G11: All proposed modules are completed with comprehensive content and thorough effort. Modules are essential component of the mobile app, i.e. searching, transaction-related modules and etc.
A12: 2 | B12: Quality of work | D12: About 20% or less of modules are working. Code is poorly structured, inefficient, and may not follow best practices. Applications have major bugs that hinder functionality or usability. No input validation. | E12: About 50% of the proposed modules are functional. Code may have some structural issues or inefficiencies. Applications may have bugs that impact functionality or usability. At least 50% of the input validation is implemented. | F12: About 80% of the proposed modules are functional. Code is mostly well-structured and functional, with occasional minor bugs. Applications are generally user-friendly, but may have minor usability issues. Input validation is well implemented. | G12: All completed modules are functional. Code is well-structured, efficient, and follows best practices. Application is user-friendly, and free of major bugs. Input validation is well implemented.
A13: 3 | B13: Data management | D13: Data is not stored insecurely or accessed incorrectly, potentially compromising application functionality or security. Application does not store or retrieve data. | E13: Data is stored or retrieved using appropriate data saving method, but may have some security vulnerabilities or inefficiencies. Applications demonstrate proper data handling practices. | F13: Data is mostly secure and accessed correctly, but there may be room for improvement in efficiency. Applications demonstrate proper data handling practices. Suitable local and remote data saving methods are implemented. | G13: Data is stored securely, efficiently, and accessed appropriately. Applications demonstrate proper data handling practices. Suitable local and remote data saving methods are implemented.
A14: No | B14: Criteria | D14: Developing 0 - 9 marks | E14: Approaching 10 - 18 marks | F14: Ideal 19 - 27 marks | G14: Excellent 28 - 35 marks
A15: 4 | B15: Originality and understanding | D15: Application lacks originality and demonstrates a weak understanding of concepts, data structures, algorithms, and architecture. Student may not understand key concepts or demonstrate a lack of effort in understanding them. Student does not apply any modern mobile application development methods/models. No evidence on utilisation of mobile unique features. | E15: Application shows limited originality and understanding of concepts, data structures, algorithms, and architecture. Student may show some understanding of key concepts, but understanding may be incomplete. Student may applies modern mobile application development methods/models, but may have some minor errors. Solution lacks utilisation of mobile unique features. | F15: Application shows some originality and understanding of concepts, data structures, algorithms, and architecture Student demonstrates a good understanding of most concepts. Student applies some modern mobile application development methods/models, utilising mobile unique features such as location detection, sensors, and etc. However, alternative options are available. | G15: Application demonstrates innovative and creative solutions to problems. Student demonstrates a deep understanding of the concepts, data structures, algorithms, and architecture involved in mobile application development. Student applies modern mobile application development methods/models, utilising mobile unique features such as location detection, sensors, and etc
A17: B. Quality of presentation and teamwork (20%)
A18: No | B18: Criteria | D18: Developing 0 - 1 marks | E18: Approaching 2 - 3 marks | F18: Ideal 3 - 4 marks | G18: Excellent 5 marks | H18: Score (20%) | I18: Remark
A19: 1 | B19: Quality of team solution | D19: The solution demonstrates a weak understanding of the problem and offers an ineffective or incomplete approach. | E19: The solution demonstrates a basic understanding of the problem but may lack effectiveness or have significant shortcomings. | F19: The solution demonstrates a good understanding of the problem and offers a mostly effective approach. It may have minor shortcomings or lack some details. | G19: The solution demonstrates a deep understanding of the problem and offers an innovative and effective approach. It is well-developed, comprehensive, and addresses all aspects of the assignment.
A20: 2 | B20: Quality of presentation | D20: The presentation is unclear, disorganized, and fails to effectively communicate the solution. Major components are not presented. It may lack visuals or storytelling techniques. | E20: The presentation may have some clarity or organization issues, and may not effectively engage the audience. Major components are presented, but missing a few parts. Visuals and storytelling may be lacking. | F20: The presentation is mostly clear and organized but may lack some elements of engagement or clarity. Most of the components are presented, with some minor errors. Visuals and storytelling may be adequate. | G20: The presentation is clear, concise, engaging, and well-organized. All components are presented. It effectively communicates the solution and highlights key points using visuals and storytelling techniques.
A21: 3 | B21: Completeness | D21: The project is significantly incomplete and may lack crucial components or fail to meet most criteria. Deliverables are submitted on time, but incomplete. OR No submission. The project description, methods used, personal contributions, and learning experiences gained are not documented. | E21: The project is partially complete and may be missing significant components or not meet several criteria. Some deliverables are submitted on time, with two or more missing items. The project description, methods used, personal contributions, and learning experiences gained are documented, but lacks of detail. | F21: The project is mostly complete, but may lack some minor components or not fully meet all criteria. All deliverables are submitted on time, with one or two missing items. The project description, methods used, personal contributions, and learning experiences gained are mostly documented. | G21: The project is complete, includes all required components, and meets all specified criteria. All deliverables are submitted on time. The project description, methods used, personal contributions, and learning experiences gained are clearly documented.
A22: 4 | B22: Teamwork | D22: The student experiences significant difficulties with collaboration or communication, hindering his/her ability to work together effectively. There may be evidence of conflict or lack of participation from the student. | E22: The student may have some issues with collaboration or communication, leading to challenges in managing conflict, delegating tasks, or achieving common goals. | F22: The student demonstrates good collaboration and communication skills. The student is able to manage conflict and delegate tasks, but there may be occasional issues with teamwork or communication. | G22: The student demonstrates excellent collaboration, communication, and problem-solving skills. The student effectively manage conflict, delegate tasks, and work together to achieve common goals.
F23: Total | H23: =SUM(H11:H22) -> 0
A25: Comment:
